City_ID,City,Lat,Lng,Max Temp,Humidity,Cloudiness,Wind Speed,Country,Date
0,salacgriva,57.7536,24.3581,6.42,95,100,5.06,LV,1712079017
1,alva,56.1528,-3.8051,7.96,97,100,2.9,GB,1712079018
2,biryusinsk,55.9634,97.8235,-1.87,90,98,1.47,RU,1712079019
3,hermanus,-34.4187,19.2345,16.0,77,46,3.05,ZA,1712079020
4,klyuchi,52.2667,79.1667,1.45,96,100,2.81,RU,1712079021
5,port-aux-francais,-49.35,70.2167,6.76,79,85,13.02,TF,1712079022
6,noshiro,40.2039,140.0242,4.84,77,71,0.26,JP,1712079026
7,luderitz,-26.6481,15.1594,18.73,70,1,2.49,NA,1712079027
8,chonchi,-42.6128,-73.8092,10.56,87,100,7.25,CL,1712079028
9,ribeira grande,38.5167,-28.7,18.22,82,40,11.83,PT,1712079030
10,jamestown,42.097,-79.2353,10.25,100,100,4.63,US,1712079032
11,ushuaia,-54.8,-68.3,8.81,46,75,6.69,AR,1712078992
12,praya,14.9215,-23.5087,28.3,47,20,8.23,CV,1712079033
13,la junta,37.985,-103.5438,12.32,30,0,11.83,US,1712079034
14,daru,-9.0763,143.2092,25.6,89,65,0.47,PG,1712079036
15,edinburgh of the seven seas,-37.0676,-12.3116,16.33,83,100,8.46,SH,1712079040
16,naze,28.3667,129.4833,21.51,92,91,5.71,JP,1712078964
17,hawaiian paradise park,19.5933,-154.9731,22.24,92,100,0.89,US,1712079042
18,antsiranana,-12.2787,49.2917,26.27,89,100,4.22,MG,1712079044
19,grytviken,-54.2811,-36.5092,3.23,68,96,3.11,GS,1712079045
20,lebu,-37.6167,-73.65,14.35,83,100,4.28,CL,1712079045
21,punta arenas,-53.15,-70.9167,9.01,57,40,8.23,CL,1712078971
22,margaret river,-33.95,115.0667,11.47,78,0,6.1,AU,1712079048
23,cidreira,-30.1811,-50.2056,21.44,84,97,5.19,BR,1712079049
24,anadyr,64.75,177.4833,-15.72,84,75,2.0,RU,1712079051
25,wailua homesteads,22.0669,-159.378,22.08,78,40,8.23,US,1712079052
26,invercargill,-46.4,168.35,8.34,97,100,0.45,NZ,1712078759
27,llanes,43.4198,-4.7549,13.85,74,100,3.9,ES,1712079054
28,bodaybo,57.8506,114.1933,-12.49,98,67,0.91,RU,1712079012
29,bengkulu,-3.8004,102.2655,25.59,93,100,1.94,ID,1712079058
30,ilulissat,69.2167,-51.1,-1.99,69,40,2.06,GL,1712079059
31,egilsstadir,65.2653,-14.3948,-1.05,59,75,5.14,IS,1712079061
32,bredasdorp,-34.5322,20.0403,17.6,75,23,2.2,ZA,1712079063
33,adamstown,-25.066,-130.1015,23.92,75,77,11.39,PN,1712079064
34,cardigan,52.0847,-4.6591,9.38,90,100,7.58,GB,1712079066
35,bitkine,11.9801,18.2138,33.94,9,10,3.6,TD,1712079067
36,tromso,69.6496,18.957,-3.99,54,20,5.14,NO,1712079069
37,belmonte,-15.8631,-38.8828,28.66,76,86,2.59,BR,1712079070
38,kingscliff,-28.2667,153.5667,21.89,90,75,2.06,AU,1712079071
39,college,64.8569,-147.8028,-12.18,70,100,6.17,US,1712079072
40,albany,42.6001,-73.9662,7.83,71,100,0.89,US,1712079071
41,gorom-gorom,14.4439,-0.2361,39.3,9,99,3.02,BF,1712079077
42,east london,-33.0153,27.9116,17.52,77,0,2.57,ZA,1712079079
43,tiksi,71.6872,128.8694,-27.17,99,13,4.11,RU,1712079080
44,utrik,11.2278,169.8474,26.73,75,100,8.05,MH,1712079082
45,waitangi,-43.9535,-176.5597,12.12,95,100,0.45,NZ,1712079084
46,johvi,59.3592,27.4211,3.63,96,100,8.3,EE,1712079084
47,siilinjarvi,63.0833,27.6667,-1.51,69,100,6.17,FI,1712079085
48,port-gentil,-0.7193,8.7815,29.98,79,40,4.12,GA,1712079087
49,ifanadiana,-21.3,47.6333,20.13,100,100,0.91,MG,1712079088
50,thompson,55.7435,-97.8558,-1.91,80,100,1.03,CA,1712079089
51,anandpur,31.25,76.5,21.95,33,10,1.47,IN,1712079090
52,west island,-12.1568,96.8225,27.99,74,40,4.63,CC,1712079092
53,alesund,62.4723,6.1549,4.51,55,75,14.4,NO,1712079091
54,laguna,38.421,-121.4238,19.8,61,0,3.6,US,1712078861
55,uchiza,-8.4592,-76.4633,31.43,51,52,1.16,PE,1712079095
56,talbahat,25.05,78.4333,28.8,17,100,1.45,IN,1712079097
57,lompoc,34.6391,-120.4579,20.99,65,0,1.54,US,1712079044
58,port elizabeth,-33.918,25.5701,18.94,80,0,8.23,ZA,1712079098
59,tarawa,1.419,172.984,27.05,94,75,2.06,KI,1712079099
60,isangel,-19.55,169.2667,25.37,85,76,4.24,VU,1712079100
61,port mathurin,-19.6833,63.4167,26.66,82,85,7.72,MU,1712079101
62,armacao de buzios,-22.7469,-41.8817,30.03,77,51,2.93,BR,1712079103
63,mount gambier,-37.8333,140.7667,12.96,86,96,1.63,AU,1712078846
64,port saint john's,-31.6229,29.5448,22.23,75,91,3.4,ZA,1712079105
65,calama,-22.4667,-68.9333,25.27,16,0,7.2,CL,1712079010
66,iskitim,54.6366,83.3045,0.89,98,100,1.74,RU,1712079107
67,bilibino,68.0546,166.4372,-28.08,89,9,2.01,RU,1712079108
68,san patricio,28.017,-97.5169,28.97,22,11,6.87,US,1712079109
69,puerto ayora,-0.7393,-90.3518,28.98,89,96,3.13,EC,1712079110
70,udachny,66.4167,112.4,-9.04,87,91,6.97,RU,1712079110
71,fale old settlement,-9.3852,-171.2468,29.32,70,32,2.4,TK,1712079111
72,martapura,-3.4167,114.85,28.05,94,75,0.51,ID,1712079112
73,beira,-19.8436,34.8389,27.05,94,20,3.6,MZ,1712079113
74,big stone gap,36.8677,-82.7745,23.97,67,94,6.19,US,1712079114
75,howard springs,-12.497,131.047,26.95,97,96,2.73,AU,1712079114
76,laojunmiao,39.8333,97.7333,5.63,46,94,5.16,CN,1712079115
77,yellowknife,62.456,-114.3525,-7.62,73,75,1.54,CA,1712078986
78,stanley,54.868,-1.6985,10.71,89,75,2.06,GB,1712079024
79,rongelap,11.1635,166.8941,26.63,81,97,7.74,MH,1712079119
80,isafjordur,66.0755,-23.124,1.02,51,20,0.0,IS,1712079120
81,sao martinho,39.5144,-9.1311,17.32,86,82,2.24,PT,1712079121
82,sivrihisar,39.4504,31.5341,18.53,29,97,2.93,TR,1712079123
83,port alfred,-33.5906,26.891,18.43,80,2,4.02,ZA,1712079125
84,hithadhoo,-0.6,73.0833,28.52,76,96,2.53,MV,1712079128
85,safaga,26.7292,33.9365,26.14,49,0,2.71,EG,1712079129
86,talnakh,69.4865,88.3972,-15.09,90,100,3.05,RU,1712079130
87,bou arada,36.3525,9.6218,15.09,50,12,3.0,TN,1712079131
88,sacele,45.6174,25.6943,12.79,58,44,5.36,RO,1712079132
89,ploneour-lanvern,47.9,-4.2833,11.16,94,100,12.26,FR,1712079134
90,ulaangom,49.9811,92.0667,-6.16,91,92,1.31,MN,1712079135
91,crane,31.3974,-102.3501,16.71,29,21,6.25,US,1712079137
92,linguaglossa,37.8432,15.1388,14.42,61,66,3.11,IT,1712079139
93,qashyr,53.0675,76.1036,1.24,90,100,3.32,KZ,1712079140
94,carauari,-4.8828,-66.8958,32.78,54,94,1.8,BR,1712078856
95,labrador city,52.9463,-66.9114,1.95,87,100,2.06,CA,1712079009
96,nuuk,64.1835,-51.7216,-0.66,80,0,6.17,GL,1712079060
97,kafue,-15.7691,28.1814,22.24,58,79,2.12,ZM,1712079146
98,longyearbyen,78.2186,15.6401,-17.09,66,20,4.63,SJ,1712079028
99,aykhal,66.0,111.5,-9.58,90,98,8.95,RU,1712079148
100,iqaluit,63.7506,-68.5145,-0.15,93,100,4.12,CA,1712079150
101,kodiak,57.79,-152.4072,-5.27,54,0,11.32,US,1712079152
102,praia da vitoria,38.7333,-27.0667,20.14,68,40,15.21,PT,1712079154
103,taltal,-25.4,-70.4833,20.99,71,30,2.62,CL,1712079021
104,qaqortoq,60.7167,-46.0333,-0.27,58,2,1.41,GL,1712079156
105,port blair,11.6667,92.75,26.02,89,6,1.03,IN,1712079157
106,donggang,28.9365,114.2259,19.44,98,100,1.48,CN,1712079158
107,yuzhno-kurilsk,44.0306,145.8556,-2.01,88,7,2.45,RU,1712079159
108,toropets,56.4978,31.6353,15.58,79,100,4.33,RU,1712079161
109,punta del este,-34.9667,-54.95,21.06,62,40,4.63,UY,1712078993
110,south valley,35.0101,-106.6781,12.95,55,20,0.0,US,1712079095
111,geraldton,-28.7667,114.6,19.23,68,84,4.12,AU,1712079028
112,akureyri,65.6835,-18.0878,-3.04,68,40,2.06,IS,1712079164
113,vadso,70.0744,29.7487,-7.91,62,40,6.69,NO,1712079165
114,monrovia,6.3005,-10.7969,31.87,76,58,6.12,LR,1712078478
115,klaksvik,62.2266,-6.589,3.51,57,100,12.7,FO,1712079167
116,bethel,41.3712,-73.414,9.12,79,100,4.12,US,1712079149
117,llandudno,53.325,-3.8315,11.99,87,99,3.6,GB,1712079169
118,carbonear,47.7332,-53.2148,3.46,84,81,9.54,CA,1712079170
119,hamilton,39.1834,-84.5333,18.05,90,75,6.69,US,1712079171
120,san jose del cabo,23.0589,-109.6977,25.33,49,0,1.79,MX,1712079172
121,benito juarez,19.385,-99.165,27.69,13,75,2.57,MX,1712079173
122,freetown,8.484,-13.2299,27.48,70,62,4.57,SL,1712079174
123,kaoma,-14.7833,24.8,24.27,54,99,0.43,ZM,1712079176
124,esquel,-42.9,-71.3167,7.81,90,96,6.12,AR,1712079091
125,prineville,44.2999,-120.8345,19.47,51,0,2.06,US,1712079179
126,pico truncado,-46.7949,-67.9573,7.12,80,100,2.08,AR,1712079182
127,northam,51.0333,-4.2167,14.25,94,100,5.32,GB,1712079183
128,waingapu,-9.6567,120.2641,26.2,84,92,1.91,ID,1712079184
129,ebon,4.582,168.6964,28.06,80,90,7.09,MH,1712079185
130,pervomayskoye,43.919,46.7102,11.19,65,4,6.5,RU,1712079185
131,walvis bay,-22.9575,14.5053,16.53,82,0,3.09,NA,1712079187
132,puerto natales,-51.7236,-72.4875,9.25,43,75,9.26,CL,1712079054
133,zhezqazghan,47.7833,67.7667,7.9,68,26,2.91,KZ,1712079189
134,saipan,15.1355,145.701,27.39,78,40,6.17,MP,1712079190
135,chake chake,-5.2459,39.7666,25.63,89,100,4.05,TZ,1712079190
136,guerrero negro,27.9769,-114.0611,18.61,56,0,4.89,MX,1712079191
137,cill airne,52.05,-9.5167,10.03,81,20,4.63,IE,1712079192
138,constantia,44.1833,28.65,19.38,44,72,6.67,RO,1712078982
139,vorgashor,67.5833,63.95,-8.31,95,100,5.11,RU,1712079194
140,palangkaraya,-2.2,113.8333,24.39,97,45,0.3,ID,1712079195
141,mejit,10.2753,170.8646,26.53,79,100,7.6,MH,1712079195
142,enewetak,11.3474,162.3373,26.78,82,90,9.58,MH,1712079197
143,hammerfest,70.6634,23.6821,-6.75,73,75,2.57,NO,1712079198
144,papatowai,-46.5619,169.4708,10.31,89,97,1.89,NZ,1712079199
145,karonga,-9.9333,33.9333,23.58,88,37,1.24,MW,1712079200
146,lubang,13.8584,120.124,27.29,78,10,9.3,PH,1712079201
147,olonkinbyen,70.9221,-8.7187,-4.66,62,99,4.38,SJ,1712079201
148,saldanha,-33.0117,17.9442,18.03,84,100,8.6,ZA,1712079202
149,americus,32.0724,-84.2327,25.07,78,75,3.09,US,1712079075
150,lucapa,-8.4192,20.7447,21.18,89,37,1.63,AO,1712079205
151,la passe,45.5549,-0.8967,16.13,78,100,6.77,FR,1712079206
152,al jawf,29.5,38.75,23.49,23,67,5.06,SA,1712079207
153,fortuna,40.5982,-124.1573,12.21,96,100,0.0,US,1712079208
154,alice springs,-23.7,133.8833,17.34,55,0,2.57,AU,1712079089
155,kalevala,65.2,31.1667,-4.95,77,95,4.47,RU,1712079209
156,midvagur,62.0511,-7.1939,3.46,52,100,6.69,FO,1712079210
157,sisimiut,66.9395,-53.6735,-0.35,72,87,0.68,GL,1712079211
158,altay,47.8667,88.1167,1.42,71,15,2.38,CN,1712079212
159,fougamou,-1.2154,10.5838,26.79,87,70,1.29,GA,1712079213
160,atafu village,-8.5421,-172.5159,29.05,72,8,2.23,TK,1712079214
161,juquia,-24.3208,-47.6347,33.45,45,25,0.98,BR,1712079011
162,saudarkrokur,65.7461,-19.6394,-3.1,73,3,1.32,IS,1712079215
163,georgetown,5.4112,100.3354,30.53,82,20,1.54,MY,1712079128
164,remire-montjoly,4.9167,-52.2667,31.02,70,75,6.69,GF,1712079220
165,selfoss,63.9331,-20.9971,-0.45,77,100,7.61,IS,1712079221
166,kuala tungkal,-0.8167,103.4667,26.66,87,95,1.98,ID,1712079221
167,trincomalee,8.5711,81.2335,28.25,84,62,4.43,LK,1712079222
168,chato,-2.6378,31.7669,20.36,90,52,0.73,TZ,1712079223
169,mil'kovo,55.6078,37.7956,19.22,80,100,4.98,RU,1712079224
170,arilje,43.7531,20.0956,11.2,67,76,1.11,RS,1712079225
171,ust'-ilimsk,58.0006,102.6619,-6.98,94,100,1.79,RU,1712079226
172,corner brook,48.9667,-57.9484,5.09,66,100,5.12,CA,1712079050
173,tazovsky,67.4667,78.7,-6.52,95,100,7.55,RU,1712079227
174,cannonvale,-20.2833,148.7,25.66,83,21,4.22,AU,1712079229
175,petropavlovsk-kamchatsky,53.0452,158.6483,-1.67,82,0,6.26,RU,1712079030
176,dazhong,33.1997,120.4578,11.95,98,100,3.06,CN,1712079231
177,panjab,34.388,67.0233,-1.99,91,93,0.11,AF,1712079232
178,griffith,41.5284,-87.4237,10.03,95,100,5.14,US,1712079086
179,inirida,3.8653,-67.9239,35.49,42,62,1.52,CO,1712079234
180,bac lieu,9.285,105.7244,27.69,72,5,3.28,VN,1712079235
181,burang,30.25,81.1667,-7.51,93,43,1.59,CN,1712079236
182,hasaki,35.7333,140.8333,12.38,82,100,2.42,JP,1712079236
183,qandala,11.472,49.8728,28.4,71,74,2.03,SO,1712079238
184,whitehorse,60.7161,-135.0538,-2.57,86,40,2.06,CA,1712079239
185,broome,42.2506,-75.833,6.77,94,100,1.34,US,1712079240
186,jumla,29.2747,82.1838,9.21,54,93,2.11,NP,1712079241
187,blackmans bay,-43.0167,147.3167,9.07,82,95,0.89,AU,1712079242
188,lihue,21.9789,-159.3672,22.42,78,40,8.23,US,1712079044
189,hinton,53.4001,-117.5857,12.56,61,100,3.74,CA,1712079246
190,lorengau,-2.0226,147.2712,27.5,84,49,3.57,PG,1712079247
191,forbes,-33.3833,148.0167,12.73,68,3,2.28,AU,1712079047
192,san javier,37.8063,-0.8374,20.27,63,0,3.13,ES,1712079249
193,laibin,23.7,109.2667,25.04,78,0,4.12,CN,1712079250
194,nemuro,43.3236,145.575,0.14,75,1,4.12,JP,1712079251
195,belyy yar,53.6039,91.3903,1.94,87,100,0.0,RU,1712079252
196,sao joao da barra,-21.6403,-41.0511,33.05,80,33,4.52,BR,1712079253
197,sao raimundo nonato,-9.0153,-42.6994,30.88,57,96,1.39,BR,1712079253
198,betio village,1.358,172.9211,27.02,79,81,3.16,KI,1712079255
199,palmer,42.1584,-72.3287,11.65,54,100,6.17,US,1712079256
200,severo-yeniseyskiy,60.3725,93.0408,-6.9,96,92,1.79,RU,1712079257
201,kavieng,-2.5744,150.7967,27.27,84,85,3.77,PG,1712079259
202,nallihan,40.1859,31.3518,20.41,32,100,1.28,TR,1712079260
203,la ronge,55.1001,-105.2842,7.14,42,20,2.57,CA,1712079261
204,sonoma,38.55,-122.9011,21.94,54,0,1.58,US,1712079261
205,inhambane,-23.865,35.3833,24.99,94,40,1.54,MZ,1712079262
206,cockburn town,21.4612,-71.1419,24.9,77,57,6.85,TC,1712079038
207,kantunilkin,21.0917,-87.45,34.55,38,50,5.34,MX,1712079264
208,piti village,13.4626,144.6933,27.03,89,75,6.69,GU,1712079265
209,santyoku,37.4406,129.1708,10.64,76,95,2.23,KR,1712079266
210,al miqdadiyah,33.9786,44.9369,25.19,19,15,3.51,IQ,1712079024
211,tanout,14.9709,8.8879,35.06,7,68,4.88,NE,1712079268
212,uaua,-9.8414,-39.4817,32.25,43,100,2.2,BR,1712079270
213,roma,43.2128,-75.4557,9.21,56,100,5.66,US,1712079261
214,namibe,-15.1961,12.1522,23.22,83,69,4.29,AO,1712079276
215,ust-nera,64.5667,143.2,-21.32,95,79,1.04,RU,1712079277
216,alto barinas,8.5931,-70.2261,31.93,49,88,3.31,VE,1712079278
217,marsh harbour,26.5412,-77.0636,24.5,68,68,6.85,BS,1712079279
218,lara,-38.0167,144.4,12.09,91,48,5.66,AU,1712079153
219,al muwayh,22.4333,41.7583,22.07,56,45,3.24,SA,1712079281
220,puerto baquerizo moreno,-0.9,-89.6,28.55,84,20,3.09,EC,1712079135
221,ballina,-28.8667,153.5667,20.99,88,14,2.71,AU,1712079282
222,diapaga,12.0708,1.7889,39.78,8,99,3.65,BF,1712079283
223,kristiansund,63.1115,7.732,2.03,51,75,10.8,NO,1712079284
224,songea,-10.6833,35.65,18.55,95,44,1.36,TZ,1712079285
225,maryville,35.7565,-83.9705,24.82,69,100,9.77,US,1712079269
226,subaykhan,34.8544,40.6083,25.76,22,2,3.63,SY,1712079287
227,rio grande,-32.035,-52.0986,22.06,66,95,6.11,BR,1712079288
228,haiku-pauwela,20.9219,-156.3051,22.8,87,40,5.66,US,1712079051
229,conduaga,8.862,117.4893,24.44,84,3,1.99,PH,1712079290
230,revda,56.801,59.9303,4.75,97,100,6.03,RU,1712079291
231,harstad,68.799,16.5293,-3.8,70,32,0.7,NO,1712079291
232,arawa,-6.2132,155.5367,25.04,90,58,1.36,PG,1712079292
233,santa ana,33.7456,-117.8678,21.94,64,0,0.45,US,1712079146
234,lubango,-14.9172,13.4925,17.44,85,78,1.27,AO,1712079295
235,kavaratti,10.5669,72.642,28.99,71,36,3.24,IN,1712079296
236,kormilovka,55.0026,74.1028,0.36,91,100,2.7,RU,1712079001
237,urengoy,65.9667,78.3667,-3.32,96,100,7.93,RU,1712079299
238,yaiza,28.9633,-13.7631,21.87,43,20,7.2,ES,1712079300
239,lebanon,36.2081,-86.2911,22.45,90,100,4.63,US,1712079301
240,itoman,26.1247,127.6694,25.22,100,100,6.69,JP,1712079302
241,mumford,5.2618,-0.759,28.65,83,8,6.19,GH,1712079302
242,borisoglebskiy,57.2586,39.1508,12.87,91,100,4.2,RU,1712079303
243,saurimo,-9.6608,20.3916,20.51,89,98,0.75,AO,1712079305
244,lerwick,60.1545,-1.1494,5.0,67,100,13.83,GB,1712079305
245,richards bay,-28.783,32.0377,23.72,82,0,4.11,ZA,1712079307
246,saint-paul,-21.0096,55.2707,25.06,86,100,1.64,RE,1712079311
247,oak hill,37.9723,-81.1487,22.09,81,86,4.84,US,1712079311
248,dossor,47.5272,52.9811,13.29,47,96,4.33,KZ,1712079312
249,zaragoza,41.6561,-0.8773,19.71,44,75,3.09,ES,1712079281
250,curuca,-0.7289,-47.8481,26.88,91,98,2.22,BR,1712079315
251,kanggye,40.9695,126.5852,7.26,89,92,1.04,KP,1712079316
252,chibougamau,49.9168,-74.3659,0.79,51,0,4.63,CA,1712079141
253,seydi,39.4816,62.9137,14.56,32,55,3.48,TM,1712079318
254,newman,37.3138,-121.0208,19.58,71,0,4.02,US,1712079319
255,cameron,26.117,-97.5169,29.08,31,0,10.29,US,1712079320
256,keflavik,64.0049,-22.5624,3.24,65,100,5.66,IS,1712079321
257,price,39.5994,-110.8107,11.18,29,0,0.0,US,1712079042
258,uturoa,-16.7333,-151.4333,28.25,76,30,8.97,PF,1712079323
259,tindouf,27.6711,-8.1474,32.25,10,0,4.12,DZ,1712079324
260,conde,-7.2597,-34.9075,32.7,58,20,4.63,BR,1712079326
261,tolanaro,-25.0319,46.9987,23.04,88,75,3.6,MG,1712079327
262,gadzhiyevo,69.2551,33.3362,-14.19,88,63,5.25,RU,1712079327
263,paramonga,-10.6667,-77.8333,24.51,72,45,4.17,PE,1712079328
264,porto belo,-27.1578,-48.5531,31.0,81,3,7.28,BR,1712079329
265,vila franca do campo,37.7167,-25.4333,18.27,99,62,9.98,PT,1712079121
266,al qitena,14.8648,32.3668,32.19,10,100,3.91,SD,1712079331
267,avarua,-21.2078,-159.775,25.03,88,53,1.54,CK,1712079332
268,nar'yan-mar,67.6713,53.087,-16.05,87,43,4.02,RU,1712079332
269,cerano,20.1167,-101.3833,24.87,21,93,1.95,MX,1712079333
270,mamadysh,55.7152,51.408,6.6,94,38,5.27,RU,1712079334
271,badger,64.8,-147.5333,-12.23,76,100,6.69,US,1712079249
272,richfield,44.8833,-93.283,3.32,91,100,4.12,US,1712079192
273,perry,37.2506,-83.1999,24.1,84,100,4.8,US,1712079337
274,auki,-8.7676,160.7034,25.56,90,100,2.97,SB,1712079338
275,upper hutt,-41.1383,175.0502,12.62,96,22,2.7,NZ,1712079338
276,okha,53.5739,142.9478,-6.46,91,100,5.28,RU,1712079339
277,nadym,65.5333,72.5167,-1.48,97,100,9.56,RU,1712079340
278,port isabel,26.0734,-97.2086,28.35,29,0,10.29,US,1712079308
279,yoichi,43.2039,140.7703,1.49,77,14,4.58,JP,1712079343
280,pariaman,-0.619,100.12,25.03,91,100,1.42,ID,1712079344
281,las tablas,7.7667,-80.2833,32.7,41,32,4.24,PA,1712079346
282,den burg,53.0542,4.7972,11.09,93,100,5.14,NL,1712079347
283,andratx,39.5755,2.4202,16.56,67,97,2.77,ES,1712079348
284,dryden,49.7833,-92.7503,3.16,52,75,4.12,CA,1712079349
285,ola,59.5833,151.2833,-13.63,79,4,4.25,RU,1712079350
286,pekan,3.4836,103.3996,28.06,82,66,1.53,MY,1712079352
287,yeppoon,-23.1333,150.7333,21.88,84,20,3.48,AU,1712079354
288,pama,11.2497,0.7075,39.71,13,100,2.67,BF,1712079354
289,carutapera,-1.195,-46.02,28.06,88,83,3.5,BR,1712079356
290,barclayville,4.6797,-8.2339,29.39,76,76,3.61,LR,1712079357
291,touros,-5.1989,-35.4608,30.07,68,94,4.24,BR,1712079358
292,north tamworth,-31.0778,150.9261,14.06,100,29,0.51,AU,1712079359
293,nuku'alofa,-21.1333,-175.2,26.19,83,75,3.6,TO,1712079272
294,san antonio de pale,-1.4014,5.6325,29.24,70,73,1.49,GQ,1712079361
295,nyurba,63.2842,118.3319,-14.37,100,98,1.12,RU,1712079361
296,fisterra,42.9049,-9.2629,15.42,91,74,8.92,ES,1712079362
297,muroto-misakicho,33.2833,134.15,15.57,81,100,4.07,JP,1712079363
298,tura,25.5198,90.2201,22.47,27,19,2.27,IN,1712079364
299,susuman,62.7833,148.1667,-22.79,93,10,0.89,RU,1712079365
300,santiago de cao,-7.9589,-79.2392,22.07,78,75,4.63,PE,1712079366
301,sambava,-14.2667,50.1667,25.99,89,100,5.26,MG,1712079367
302,ghat,24.9647,10.1728,31.25,7,0,5.68,LY,1712079207
303,sola,-13.8833,167.55,27.91,82,100,6.94,VU,1712079368
304,aasiaat,68.7098,-52.8699,-3.04,78,99,1.95,GL,1712079369
305,puerto armuelles,8.2833,-82.8667,32.99,54,58,0.45,PA,1712079370
306,alofi,-19.0595,-169.9187,26.94,83,40,4.12,NU,1712079371
307,fortaleza,-3.7227,-38.5247,32.07,62,40,4.12,BR,1712079333
308,ocean shores,46.9737,-124.1563,10.53,96,100,1.54,US,1712079169
309,koupela,12.1794,-0.3517,40.31,8,95,4.65,BF,1712079374
310,smithers,54.7804,-127.1743,7.18,70,40,5.66,CA,1712079375
311,petawawa,45.9001,-77.3328,9.88,30,75,6.69,CA,1712079376
312,aljezur,37.3191,-8.8033,16.18,84,88,5.22,PT,1712079377
313,kirkwood,38.5834,-90.4068,18.02,79,75,8.75,US,1712079176
314,kayangel,8.0823,134.7173,28.02,78,85,9.37,PW,1712079379
315,atar,20.5169,-13.0499,39.35,11,0,5.78,MR,1712079380
316,abadeh,31.1608,52.6506,12.02,36,39,2.01,IR,1712079380
317,carnarvon,-24.8667,113.6333,27.9,46,16,5.63,AU,1712079381
318,labytnangi,66.6572,66.4183,-3.44,97,100,2.48,RU,1712079382
319,nakamura,32.9833,132.9333,13.77,97,100,2.75,JP,1712079383
320,port lincoln,-34.7333,135.8667,14.14,77,43,2.71,AU,1712079384
321,kununurra,-15.7667,128.7333,25.99,94,100,2.06,AU,1712079385
322,san sebastian de la gomera,28.0916,-17.1133,24.1,64,20,3.09,ES,1712079386
323,holualoa,19.6228,-155.9522,22.65,77,20,2.06,US,1712079387
324,mount darwin,-16.7725,31.5838,22.72,57,79,1.37,ZW,1712079257
325,souillac,-20.5167,57.5167,26.21,83,75,8.23,MU,1712079389
326,taroudant,30.4703,-8.877,22.25,44,5,5.91,MA,1712079390
327,awjilah,29.1081,21.2869,27.79,15,0,3.02,LY,1712079390
328,fusagasuga,4.3365,-74.3638,25.01,83,98,1.59,CO,1712079391
329,yung shue wan,22.2333,114.1167,26.68,81,7,0.89,HK,1712079392
330,neya,58.2972,43.8681,10.95,95,90,1.8,RU,1712079393
331,lata,40.1629,-8.3327,16.15,78,81,3.92,PT,1712079394
332,lastoursville,-0.8143,12.7287,28.91,59,84,0.28,GA,1712079395
333,greenville,35.6127,-77.3663,28.4,58,40,7.72,US,1712079099
334,magadan,59.5667,150.8,-12.45,73,2,3.45,RU,1712079396
335,iskateley,67.6803,53.1512,-16.1,87,44,4.02,RU,1712079397
336,mariental,-24.6333,17.9667,23.75,55,84,9.94,NA,1712079399
337,codrington,-38.2667,141.9667,12.98,85,94,2.58,AU,1712079400
338,huetamo de nunez,18.5833,-100.8833,37.53,21,92,1.19,MX,1712079401
339,fort st. john,56.2499,-120.8529,10.94,54,75,8.23,CA,1712079402
340,boundiali,9.5217,-6.4869,39.6,16,6,3.46,CI,1712079403
341,luau,-10.7073,22.2247,20.12,92,95,0.78,AO,1712079403
342,hede,33.7681,120.2517,10.91,97,100,3.92,CN,1712079405
343,kone,-21.0595,164.8658,22.27,87,9,2.01,NC,1712079406
344,acarau,-2.8856,-40.12,28.44,79,99,2.5,BR,1712079140
345,santarem,-2.4431,-54.7083,31.07,70,40,2.06,BR,1712079307
346,tvoroyri,61.5556,-6.8111,4.23,60,98,14.21,FO,1712079408
347,fuerte olimpo,-21.0415,-57.8738,36.02,41,43,2.94,PY,1712079409
348,jiwani,25.05,61.7417,25.22,71,71,5.96,PK,1712079410
349,timimoun,29.2639,0.231,32.21,9,0,1.54,DZ,1712079411
350,puerto carreno,6.189,-67.4859,34.99,49,40,2.06,CO,1712079412
351,luwingu,-10.2621,29.9271,17.59,97,84,1.25,ZM,1712079257
352,dalton,34.7698,-84.9702,26.01,73,100,3.6,US,1712079387
353,karachi,24.9056,67.0822,24.9,73,25,4.12,PK,1712079350
354,polyarnyy,69.1989,33.4478,-14.05,89,54,4.72,RU,1712079415
355,uvira,-3.4067,29.1458,24.43,84,76,0.97,CD,1712079416
356,ekibastuz,51.6667,75.3667,1.31,85,93,2.5,KZ,1712079417
357,ain sukhna,29.6002,32.3167,23.59,40,0,3.83,EG,1712079417
358,queenstown,-31.8976,26.8753,14.93,73,4,2.68,ZA,1712079418
359,banjar,-8.19,114.9675,25.13,89,99,2.34,ID,1712079419
360,hakui,36.8833,136.7833,7.34,73,99,3.23,JP,1712079420
361,kittila,67.6647,24.8936,-9.92,52,0,3.09,FI,1712079421
362,vanimo,-2.6741,141.3028,25.65,90,100,1.88,PG,1712079421
363,eirunepe,-6.6603,-69.8736,33.78,50,96,1.49,BR,1712079422
364,peace river,56.2501,-117.286,10.17,49,75,4.63,CA,1712079178
365,qarauyl,48.9451,79.255,3.58,91,100,3.39,KZ,1712079424
366,kikwit,-5.041,18.8162,24.36,84,100,1.39,CD,1712079425
367,kirensk,57.7853,108.1119,-15.69,99,38,1.24,RU,1712079425
368,pitimbu,-7.4706,-34.8086,33.33,64,99,2.63,BR,1712079190
369,panevezys,55.7333,24.35,8.98,79,100,5.85,LT,1712079428
370,nan,18.8333,100.6667,27.01,31,1,0.85,TH,1712079429
371,sumbe,-11.2061,13.8437,27.25,86,66,3.34,AO,1712079430
372,ardestan,33.3761,52.3694,15.37,29,4,2.23,IR,1712079432
373,cerritos,33.8583,-118.0648,22.27,64,20,0.89,US,1712079270
374,tezu,27.9167,96.1667,20.15,64,97,2.14,IN,1712079434
375,mananjary,-21.2167,48.3333,23.72,90,88,1.93,MG,1712079435
376,wotje,9.4543,170.2367,27.06,73,100,7.74,MH,1712079436
377,asau,46.4333,26.4,12.51,67,4,10.34,RO,1712079436
378,afaahiti,-17.75,-149.2833,25.93,78,90,8.86,PF,1712079437
379,musan-up,42.2261,129.2078,2.67,73,30,2.06,KP,1712079438
380,colonia,50.9333,6.95,13.82,84,0,5.14,DE,1712079233
381,playa del ingles,27.7567,-15.5787,22.86,76,34,2.43,ES,1712079370
382,abu qurqas,27.9312,30.8384,28.31,23,0,5.94,EG,1712079441
383,yelan',50.949,43.7378,13.75,66,42,5.74,RU,1712079441
384,flying fish cove,-10.4217,105.6791,26.82,94,75,3.6,CX,1712079442
385,motygino,58.1831,94.7592,-0.12,95,100,3.13,RU,1712079443
386,eenhana,-17.4667,16.3333,23.42,62,64,2.69,NA,1712079444
387,thinadhoo,0.5333,72.9333,29.29,71,95,2.03,MV,1712079445
388,pieksamaki,62.3,27.1333,-2.09,87,100,5.48,FI,1712079446
389,tripoli,32.8752,13.1875,17.4,69,1,5.1,LY,1712079263
390,vila velha,-20.3297,-40.2925,30.97,77,40,5.14,BR,1712079447
391,zakamensk,50.3741,103.2863,-3.9,72,5,1.23,RU,1712079448
392,kansanshi,-12.0951,26.4273,17.05,97,100,1.62,ZM,1712079449
393,berriane,32.8265,3.7669,25.47,14,3,3.67,DZ,1712079450
394,conceicao da barra,-18.5933,-39.7322,30.03,61,82,2.21,BR,1712079451
395,alma,48.5501,-71.6491,7.83,53,49,2.19,CA,1712079352
396,fort bragg,35.139,-79.006,29.14,51,20,10.29,US,1712079452
397,nioki,-2.7167,17.6833,25.87,74,100,1.82,CD,1712079453
398,ilhabela,-23.7781,-45.3581,27.5,68,39,2.61,BR,1712079454
399,saint helier,49.188,-2.1049,11.36,44,75,8.75,JE,1712079212
400,karratha,-20.7377,116.8463,31.94,41,56,3.39,AU,1712079456
401,veraval,20.9,70.3667,25.56,72,97,5.78,IN,1712079457
402,springs,-26.25,28.4,21.81,71,92,1.49,ZA,1712079458
403,mukalla,14.5425,49.1242,26.84,74,52,2.57,YE,1712079458
404,cambria,35.5641,-121.0808,21.23,87,0,1.79,US,1712079459
405,mutuali,-14.8706,37.0044,22.22,82,99,1.44,MZ,1712079460
406,bardai,11.65,7.2333,34.18,10,97,2.55,NG,1712079461
407,lazaro cardenas,17.9583,-102.2,28.51,57,75,4.24,MX,1712079462
408,arkalyk,50.2486,66.9114,1.19,95,97,1.59,KZ,1712079462
409,isiro,2.7739,27.616,20.12,98,100,1.39,CD,1712079463
410,juan griego,11.0817,-63.9655,29.09,70,91,6.44,VE,1712079464
411,canmore,51.0834,-115.3521,12.71,71,98,4.12,CA,1712079465
412,varena,54.2167,24.5667,8.58,81,100,6.84,LT,1712079466
413,mandalgovi,45.7625,106.2708,-0.67,51,90,3.91,MN,1712079467
414,portland,45.5234,-122.6762,17.77,70,40,1.54,US,1712078697
415,madera,37.1666,-119.8343,21.1,56,0,1.89,US,1712079444
416,sinan,34.8262,126.1086,15.06,94,100,8.96,KR,1712079469
417,port pirie,-33.1833,138.0167,14.09,69,32,2.12,AU,1712079470
418,coahuayana de hidalgo,18.7,-103.6583,31.42,46,91,3.53,MX,1712079471
419,dehui,44.5333,125.7,2.23,41,18,4.71,CN,1712079472
420,vilyuchinsk,52.9306,158.4028,-0.85,78,100,4.45,RU,1712079473
421,sidi khaled,34.387,4.9879,23.5,29,1,4.2,DZ,1712079474
422,qamdo,31.1667,97.2333,-0.6,63,78,1.51,CN,1712079475
423,letlhakeng,-24.0944,25.0298,25.99,35,100,0.8,BW,1712079476
424,pechora,65.1472,57.2244,-5.08,87,99,5.81,RU,1712079477
425,vakarai,55.6035,23.8213,8.29,83,100,6.35,LT,1712079477
426,karmaskaly,54.3709,56.1837,2.95,99,100,5.28,RU,1712079478
427,kyzyl,51.7,94.45,3.34,69,95,0.45,RU,1712079479
428,poso,-1.3959,120.7524,25.4,90,100,2.12,ID,1712079388
429,mahanoro,-19.9,48.8,23.27,92,80,1.82,MG,1712079481
430,wingham,43.8879,-81.3114,7.27,73,100,9.54,CA,1712079284
431,cabo san lucas,22.8909,-109.9124,22.61,43,0,4.12,MX,1712078996
432,bikenibeu village,1.3673,173.1241,26.98,94,75,2.06,KI,1712079483
433,sault ste. marie,46.5168,-84.3333,9.16,40,0,5.66,CA,1712079418
434,axim,4.8699,-2.2405,29.11,81,45,4.39,GH,1712079485
435,mesolongi,38.3702,21.4295,18.84,85,41,3.17,GR,1712079486
436,lakatoro,-16.0999,167.4164,26.31,86,100,3.29,VU,1712079255
437,tralee,52.2704,-9.7026,8.39,92,100,0.1,IE,1712079488
438,boyolangu,-8.1181,111.8935,25.2,93,99,0.98,ID,1712079489
439,businga,3.3333,20.8833,26.51,63,91,1.2,CD,1712079490
440,dhidhdhoo,6.8833,73.1,29.17,73,87,2.75,MV,1712079491
441,new norfolk,-42.7826,147.0587,9.72,87,98,1.28,AU,1712079492
442,itagi,-14.1628,-40.0061,33.93,45,78,1.53,BR,1712079493
443,greymouth,-42.4667,171.2,12.32,84,99,1.98,NZ,1712079486
444,dudinka,69.4058,86.1778,-14.07,90,100,2.24,RU,1712079495
445,jianguang,28.1938,115.7836,20.8,95,100,1.82,CN,1712079496
446,nova sintra,14.8667,-24.7167,19.33,81,5,9.0,CV,1712079497
447,khandyga,62.6667,135.6,-17.7,99,100,1.09,RU,1712079497
448,sosnogorsk,63.6023,53.8817,-3.59,88,100,4.47,RU,1712079498
449,melendugno,40.2747,18.3368,17.05,59,20,2.57,IT,1712079499
450,kapuskasing,49.4169,-82.4331,4.05,38,20,6.17,CA,1712079456
451,mbekenyera,-10.0,38.9833,22.48,95,100,1.69,TZ,1712079501
452,dogonbadan,30.3586,50.7981,19.05,48,0,1.03,IR,1712079502
453,ha tinh,18.3333,105.9,26.83,62,15,2.74,VN,1712079503
454,lukhovka,54.1484,45.2573,14.36,78,74,7.15,RU,1712079429
455,al hufuf,25.3646,49.5653,27.19,13,0,2.06,SA,1712079352
456,ukhta,63.5671,53.6835,-3.58,88,100,4.47,RU,1712079506
457,rajpur,22.3,74.35,29.24,24,100,2.34,IN,1712079507
458,ancud,-41.8697,-73.8203,11.78,80,98,11.62,CL,1712079508
459,cooper's town,26.8667,-77.5167,23.62,75,77,6.39,BS,1712079509
460,yigo village,13.5361,144.8886,26.16,86,75,8.23,GU,1712079510
461,worland,44.0169,-107.9554,13.15,59,0,1.54,US,1712079457
462,da nang,16.0678,108.2208,27.99,83,20,1.03,VN,1712079511
463,dwarka,22.2394,68.9678,25.1,79,74,4.27,IN,1712079512
464,argo,37.6333,22.7333,19.88,55,95,1.85,GR,1712079513
465,yulinshi,38.2906,109.7494,9.49,76,100,6.57,CN,1712079514
466,sinabang,2.4803,96.3801,27.44,81,99,1.08,ID,1712079515
467,port alberni,49.2413,-124.8028,11.07,89,100,3.58,CA,1712079516
468,suva,-18.1416,178.4415,26.71,94,40,1.03,FJ,1712079518
469,westport,41.1415,-73.3579,8.9,88,100,6.17,US,1712079375
470,cidade velha,14.9167,-23.6167,28.26,47,20,8.23,CV,1712079520
471,st. john's,47.5649,-52.7093,3.21,89,100,8.49,CA,1712079331
472,tabou,4.423,-7.3528,29.14,79,89,4.34,CI,1712079522
473,kingston,17.997,-76.7936,30.65,66,20,9.26,JM,1712079480
474,yanchep,-31.55,115.6833,19.23,47,0,6.28,AU,1712079525
475,fallon,39.4735,-118.7774,15.51,51,0,0.0,US,1712079526
476,huicheng,23.0385,116.2899,25.31,74,11,5.93,CN,1712079528
477,katsuura,35.1333,140.3,14.9,80,100,4.43,JP,1712079529
478,anloga,5.7947,0.8973,29.15,81,40,7.9,GH,1712079530
479,oyama,36.3,139.8,16.44,63,100,1.76,JP,1712079531
480,international falls,48.6011,-93.411,4.46,59,100,0.0,US,1712079532
481,pascagoula,30.3658,-88.5561,25.96,86,100,5.14,US,1712079327
482,bhatapara,21.7333,81.9333,31.71,17,31,3.03,IN,1712079533
483,bechar,31.6167,-2.2167,27.18,12,41,1.54,DZ,1712079535
484,santa cruz,-17.8,-63.1667,29.03,70,75,7.72,BO,1712079302
485,loukhi,66.0764,33.0381,-16.42,99,70,1.34,RU,1712079537
486,santa maria,-29.6842,-53.8069,21.61,78,100,2.06,BR,1712079363
487,djibouti,11.5,42.5,25.13,74,67,6.25,DJ,1712079540
488,launceston,-41.45,147.1667,10.8,87,100,0.0,AU,1712079541
489,tsiombe,-25.3,45.4833,21.99,84,7,6.76,MG,1712079542
490,constitucion,-35.3333,-72.4167,17.21,68,100,5.36,CL,1712079543
491,mitsamiouli,-11.3847,43.2844,28.62,79,93,4.5,KM,1712079544
492,sao felix do xingu,-6.6447,-51.995,27.72,90,97,0.66,BR,1712079545
493,saint-joseph,-21.3667,55.6167,24.21,85,100,8.08,RE,1712079546
494,notodden,59.5594,9.2585,7.92,46,0,1.03,NO,1712079547
495,east ballina,-28.8667,153.5833,21.0,87,14,3.05,AU,1712079548
496,alice town,25.7167,-79.3,24.18,75,80,6.17,BS,1712079549
497,kokhma,56.9349,41.0915,15.61,72,100,3.58,RU,1712079550
498,minas de marcona,-15.2119,-75.1103,22.27,59,9,5.04,PE,1712079551
499,rio gallegos,-51.6226,-69.2181,9.03,40,20,6.69,AR,1712079458
500,new bern,35.1085,-77.0441,28.9,59,40,4.63,US,1712079553
501,bonthe,7.5264,-12.505,28.81,72,62,6.01,SL,1712079554
502,pyin oo lwin,22.0333,96.4667,23.27,37,16,1.59,MM,1712079555
503,gbarnga,6.9956,-9.4722,31.41,51,41,5.19,LR,1712079556
504,talcahuano,-36.7167,-73.1167,14.82,94,100,2.57,CL,1712079515
505,narasapur,16.45,81.6667,26.93,86,3,3.29,IN,1712079558
506,shitanjing,39.2342,106.3439,6.18,60,27,2.74,CN,1712079559
507,dolinsk,47.35,142.8,-0.71,86,9,2.84,RU,1712079560
508,tamiahua,21.2667,-97.45,31.43,53,85,11.11,MX,1712079561
509,merizo village,13.2658,144.6691,26.85,92,78,7.25,GU,1712079562
510,nabire,-3.3667,135.4833,24.37,97,100,0.72,ID,1712079562
511,juan l. lacaze,-34.4333,-57.4167,21.22,52,17,5.05,UY,1712079563
512,san luis de la loma,17.2706,-100.8939,30.64,52,79,5.1,MX,1712079564
513,coquimbo,-29.9533,-71.3436,18.85,72,20,7.72,CL,1712079014
514,saynshand,44.8824,110.1163,3.18,42,10,4.48,MN,1712079566
515,padangsidempuan,1.3667,99.2667,22.94,99,97,0.4,ID,1712079567
516,verkhnevilyuysk,63.4453,120.3167,-17.6,100,97,1.56,RU,1712079569
517,bahia de caraquez,-0.6,-80.4167,28.1,85,100,1.52,EC,1712079570
518,moncks corner,33.196,-80.0131,28.28,56,0,3.09,US,1712079558
519,havre,49.5833,0.3333,12.22,82,100,5.14,FR,1712079572
520,scottburgh,-30.2867,30.7532,22.74,85,75,7.81,ZA,1712079573
521,bayanhongor,46.7167,100.1167,-1.9,43,100,1.67,MN,1712079574
522,labasa,-16.4167,179.3833,25.95,92,90,3.08,FJ,1712079575
523,qarqaraly,49.4058,75.4742,0.47,89,99,3.43,KZ,1712079576
524,turtas,58.9417,69.1325,0.4,94,86,4.98,RU,1712079577
525,wanning,18.8003,110.3967,24.9,92,2,5.22,CN,1712079577
526,dubna,56.7333,37.1667,15.13,81,100,3.94,RU,1712079578
527,great falls,47.5002,-111.3008,16.76,34,0,8.23,US,1712079579
528,paphos,34.7667,32.4167,19.88,49,1,4.12,CY,1712079580
529,berdigestyakh,62.0989,126.6992,-10.68,97,100,2.27,RU,1712079581
530,tadine,-21.55,167.8833,23.55,82,18,4.17,NC,1712079582
531,antofagasta,-23.65,-70.4,22.6,63,25,2.99,CL,1712079328
532,happy valley-goose bay,53.3168,-60.3315,3.17,75,75,7.2,CA,1712079583
533,leava,-14.3,-178.1667,28.91,80,98,9.68,WF,1712079584
534,leona vicario,20.9667,-87.1917,29.99,43,39,5.23,MX,1712079585
535,vila do maio,15.1333,-23.2167,28.44,78,1,7.09,CV,1712079586
536,eyl,7.9803,49.8164,28.05,72,9,6.19,SO,1712079587
537,lesparre-medoc,45.3,-0.9333,12.54,73,100,4.84,FR,1712079588
538,aras-asan,8.8908,126.3033,25.4,82,24,1.13,PH,1712079588
539,hadibu,12.65,54.0333,27.26,74,71,3.51,YE,1712079589
540,jhelum,32.9331,73.7264,22.37,28,89,2.59,PK,1712079590
541,homer,59.6425,-151.5483,-3.06,74,100,2.57,US,1712079322
542,yanam,16.7333,82.2167,25.2,91,4,0.74,IN,1712079592
543,zhanaozen,43.3,52.8,14.02,41,19,4.17,KZ,1712079593
544,kosh-agach,50.0,88.6667,-0.94,67,85,2.24,RU,1712079594
545,phek,25.6667,94.5,12.67,71,46,0.45,IN,1712079595
546,acapulco de juarez,16.8634,-99.8901,27.9,65,40,4.63,MX,1712079346
547,long beach,33.767,-118.1892,21.65,67,0,0.89,US,1712079446
548,broken hill,-31.95,141.4333,13.7,66,0,5.11,AU,1712079421
549,lupane,-18.9315,27.807,24.36,52,94,2.06,ZW,1712079599
550,djamaa,33.5339,5.9931,24.43,29,0,3.95,DZ,1712079600
551,saint-laurent-du-maroni,5.5039,-54.0289,32.38,53,92,3.12,GF,1712079601
552,tazacorte,28.629,-17.9293,21.54,84,20,2.24,ES,1712079602
553,olyokminsk,60.3736,120.4264,-5.09,94,97,3.22,RU,1712079603
554,hirara,24.8,125.2833,25.15,94,100,8.23,JP,1712079604
555,sena madureira,-9.0656,-68.6569,31.95,55,93,1.08,BR,1712079605
556,santa maria del oro,25.9333,-105.3667,22.17,10,0,11.8,MX,1712079606
557,sitka,57.0531,-135.33,2.94,87,75,2.06,US,1712079536
558,borogontsy,62.6683,131.1683,-19.71,100,100,1.29,RU,1712079608
559,darwin,-12.4611,130.8418,26.99,90,100,2.57,AU,1712079424
560,toliara,-23.35,43.6667,27.92,65,51,4.53,MG,1712079610
561,pisco,-13.7,-76.2167,25.03,73,0,5.14,PE,1712079611
562,torrington,41.8007,-73.1212,10.66,72,100,2.24,US,1712079612
563,mwene-ditu,-7.0,23.45,19.89,94,60,1.26,CD,1712079613
564,mabaruma,8.2,-59.7833,28.68,81,96,2.2,GY,1712079614
565,road town,18.4167,-64.6167,27.02,74,40,6.17,VG,1712079320
566,kondrovo,54.8064,35.9278,18.39,69,97,5.05,RU,1712079615
567,alta,69.9689,23.2717,-5.41,63,40,2.57,NO,1712079616
568,vanino,49.0869,140.2543,-2.26,87,41,1.92,RU,1712079617
569,barra de santo antonio,-9.4047,-35.5072,31.6,67,90,4.02,BR,1712079618
570,monterey,36.2505,-121.2516,21.09,52,0,1.82,US,1712079619
571,rumuruti,0.267,36.5389,18.03,80,90,2.4,KE,1712079620
572,zabol,32.25,67.25,10.76,41,68,4.55,AF,1712079621
573,pandan,14.0453,124.1694,26.08,78,42,4.1,PH,1712079622
574,porto novo,6.4965,2.6036,31.9,78,79,5.2,BJ,1712079368
575,filipstad,59.7124,14.1683,-2.06,74,100,6.1,SE,1712079623
576,salekhard,66.53,66.6019,-2.11,97,100,3.92,RU,1712079624
577,talavera,15.6167,120.9333,22.61,87,9,1.66,PH,1712079625
578,coronel dorrego,-38.7187,-61.2873,22.1,30,99,10.25,AR,1712079626
579,eydhafushi,5.1033,73.0708,29.01,69,76,2.4,MV,1712079627
580,khuzdar,27.7384,66.6434,21.78,18,84,2.94,PK,1712079628
581,malkara,40.89,26.9011,14.41,74,96,3.13,TR,1712079629
582,zyryanskoye,56.8306,86.6258,0.5,99,100,3.14,RU,1712079630
583,fort mcmurray,56.7268,-111.381,10.77,31,100,3.09,CA,1712079631
584,itaituba,-4.2761,-55.9836,29.09,84,75,2.57,BR,1712079632
585,kudahuvadhoo,2.6708,72.8944,29.11,69,68,2.3,MV,1712079633
586,ginir,7.1333,40.7,17.43,82,77,0.64,ET,1712079633
587,fort wellington,6.4,-57.6,30.74,62,98,4.84,GY,1712079634
588,saryaghash,41.45,69.1667,13.96,57,96,2.12,KZ,1712079635
